Ball Drop Measurements — 5 Ordered Weights,,,,
,,,,
Ball Drop 1,,,,
Date,5/12/2026,6:02:00 PM,,
,,,,
#,t,y,Vy,Ay
1,0.017,2.900,,
2,0.025,2.881,-5.695,
3,0.033,2.801,-7.380,-153.730
4,0.042,2.740,-8.257,-68.958
5,0.050,2.663,-8.529,-51.719
6,0.058,2.606,-9.119,-29.035
7,0.067,2.513,-9.013,-10.888
8,0.075,2.435,-9.300,48.997
9,0.083,2.373,-8.196,68.051
10,0.092,2.289,-8.166,-28.128
11,0.100,2.244,-8.665,-33.572
12,0.108,2.159,-8.726,-5.444
13,0.117,2.077,-8.756,16.332
14,0.125,2.009,-8.453,11.796
15,0.133,1.955,-8.559,-20.869
16,0.142,1.868,-8.801,-10.888
17,0.150,1.791,-8.741,56.255
18,0.158,1.724,-7.864,44.460
19,0.167,1.662,-8.000,-11.795
20,0.175,1.604,-8.060,-42.645
21,0.183,1.517,-8.711,-55.348
22,0.192,1.461,-8.983,26.313
23,0.200,1.371,-8.272,40.831
24,0.208,1.303,-8.302,24.498
25,0.217,1.251,-7.864,-0.907
26,0.225,1.175,-8.317,-18.147
27,0.233,1.108,-8.166,18.147
28,0.242,1.028,-8.015,67.977
29,0.250,0.984,-7.033,127.695
30,0.258,0.902,-5.887,-0.137
31,0.275,0.847,-7.037,-54.034
32,0.300,0.630,-8.138,-26.135
33,0.308,0.498,-7.908,-25.897
34,0.325,0.425,-8.785,-77.665
35,0.333,0.363,-9.849,-91.463
36,0.342,0.232,-10.310,1.955
37,0.350,0.154,-9.817,203.862
38,0.367,0.042,-5.213,261.730
39,0.375,-0.016,-3.274,
40,0.392,-0.023,,
,,,,
,,,,
Ball Drop 2,,,,
Date,5/12/2026,5:43:00 PM,,
,,,,
#,t,y,Vy,Ay
1,1.296,3.183,,
2,1.329,3.117,-2.052,
3,1.362,3.050,-2.656,-13.779
4,1.395,2.945,-2.967,-4.800
5,1.429,2.828,-2.974,4.242
6,1.462,2.735,-2.685,4.800
7,1.495,2.660,-2.656,-1.116
8,1.528,2.583,-2.759,-2.902
9,1.561,2.463,-2.848,-2.233
10,1.595,2.376,-2.908,1.116
11,1.628,2.291,-2.774,1.284
12,1.661,2.186,-2.822,-1.005
13,1.694,2.097,-2.841,0.614
14,1.728,2.004,-2.782,0.726
15,1.761,1.910,-2.793,0.502
16,1.794,1.817,-2.748,1.005
17,1.827,1.726,-2.726,-1.172
18,1.860,1.639,-2.826,-0.112
19,1.894,1.546,-2.733,0.726
20,1.927,1.438,-2.778,-0.447
21,1.960,1.373,-2.763,-0.893
22,1.993,1.264,-2.837,-3.349
23,2.027,1.174,-2.986,-2.568
24,2.060,1.066,-3.008,-1.507
25,2.093,0.976,-3.086,0.558
26,2.126,0.864,-2.971,2.568
27,2.160,0.763,-2.915,4.688
28,2.193,0.679,-2.659,2.344
29,2.226,0.584,-2.759,-4.688
30,2.259,0.511,-2.971,-4.075
31,2.292,0.388,-3.030,-1.117
32,2.326,0.283,-3.045,3.796
33,2.359,0.195,-2.778,6.308
34,2.392,0.102,-2.626,3.724
35,2.425,0.017,-2.530,
36,2.459,-0.064,,
,,,,
,,,,
Ball Drop 3,,,,
Date,5/12/2026,5:49:00 PM,,
,,,,
#,t,y,Vy,Ay
1,0.042,3.326,,
2,0.050,3.266,-10.697,
3,0.058,3.145,-12.073,-109.194
4,0.067,3.043,-12.517,-13.332
5,0.075,2.934,-12.295,34.663
6,0.083,2.850,-11.939,42.662
7,0.092,2.729,-11.584,13.332
8,0.100,2.648,-11.717,-12.443
9,0.108,2.553,-11.791,-37.329
10,0.117,2.450,-12.339,-32.885
11,0.125,2.337,-12.339,26.664
12,0.133,2.242,-11.895,34.663
13,0.142,2.143,-11.762,-23.109
14,0.150,2.052,-12.280,-47.106
15,0.158,1.942,-12.547,-14.221
16,0.167,1.831,-12.517,9.777
17,0.175,1.731,-12.384,16.887
18,0.183,1.636,-12.236,25.775
19,0.192,1.523,-11.954,37.329
20,0.200,1.425,-11.614,-4.444
21,0.208,1.338,-12.028,-48.884
22,0.217,1.244,-12.428,-55.105
23,0.225,1.112,-12.947,-37.329
24,0.233,1.020,-13.050,39.996
25,0.242,0.911,-12.280,24.886
26,0.250,0.801,-12.636,-18.665
27,0.258,0.710,-12.591,23.997
28,0.267,0.594,-12.236,17.776
29,0.275,0.490,-12.295,-15.109
30,0.283,0.401,-12.488,-28.441
31,0.292,0.294,-12.769,10.415
32,0.300,0.172,-12.314,126.732
33,0.308,0.073,-10.657,
34,0.325,-0.070,,
,,,,
,,,,
Ball Drop 4,,,,
Date,5/12/2026,5:54:00 PM,,
,,,,
#,t,y,Vy,Ay
1,0.058,3.399,,
2,0.067,3.335,-9.791,
3,0.075,3.238,-11.164,-127.635
4,0.083,3.134,-11.918,-51.459
5,0.092,3.034,-12.022,-12.421
6,0.100,2.940,-12.126,-6.211
7,0.108,2.834,-12.126,-5.323
8,0.117,2.728,-12.214,-8.872
9,0.125,2.635,-12.273,9.760
10,0.133,2.531,-12.052,-13.308
11,0.142,2.421,-12.495,-1.774
12,0.150,2.333,-12.081,12.421
13,0.158,2.213,-12.288,-31.940
14,0.167,2.132,-12.613,3.549
15,0.175,2.010,-12.229,-6.211
16,0.183,1.909,-12.717,-25.730
17,0.192,1.815,-12.658,9.760
18,0.200,1.699,-12.554,8.872
19,0.208,1.587,-12.510,-5.323
20,0.217,1.500,-12.643,-36.377
21,0.225,1.394,-13.116,-55.008
22,0.233,1.269,-13.560,-14.196
23,0.242,1.156,-13.353,40.813
24,0.250,1.054,-12.880,26.617
25,0.258,0.945,-12.909,-15.083
26,0.267,0.838,-13.131,-25.730
27,0.275,0.726,-13.338,-27.504
28,0.283,0.616,-13.589,8.872
29,0.292,0.500,-13.190,40.813
30,0.300,0.384,-12.909,17.745
31,0.308,0.292,-12.894,-33.715
32,0.317,0.182,-13.471,0.887
33,0.325,0.064,-12.880,236.004
34,0.333,-0.063,-9.538,513.581
35,0.342,-0.122,-4.320,
36,0.350,-0.122,,
,,,,
,,,,
Ball Drop 5,,,,
Date,5/12/2026,5:57:00 PM,,
,,,,
#,t,y,Vy,Ay
1,0.308,3.342,,
2,0.325,3.171,-10.126,
3,0.333,3.069,-9.563,-62.824
4,0.342,3.016,-11.173,-89.287
5,0.350,2.930,-11.051,-8.197
6,0.358,2.775,-11.309,-152.106
7,0.367,2.729,-13.586,-34.611
8,0.375,2.645,-11.886,84.705
9,0.383,2.429,-12.175,74.686
10,0.392,2.430,-10.641,161.215
11,0.400,2.329,-9.488,-91.080
12,0.408,2.252,-12.159,-181.253
13,0.417,2.123,-12.509,-51.917
14,0.425,2.027,-13.025,2.732
15,0.433,1.920,-12.463,13.663
16,0.442,1.810,-12.797,0.912
17,0.450,1.712,-12.448,18.215
18,0.458,1.598,-12.493,-17.305
19,0.467,1.508,-12.736,1.822
20,0.475,1.392,-12.463,-16.396
21,0.483,1.284,-13.009,-17.305
22,0.492,1.190,-12.751,34.613
23,0.500,1.066,-12.433,-20.037
24,0.508,0.969,-13.085,-34.610
25,0.517,0.877,-13.009,-23.682
26,0.525,0.740,-13.480,-25.503
27,0.533,0.639,-13.434,7.286
28,0.542,0.526,-13.359,-4.555
29,0.550,0.424,-13.510,23.682
30,0.558,0.291,-12.964,30.967
31,0.567,0.194,-12.994,64.665
32,0.575,0.101,-11.886,83.403
33,0.583,-0.023,-11.604,
34,0.592,-0.096,,
